<?xml version="1.0" encoding="utf-8" standalone="yes"?>
<rss version="2.0" xmlns:atom="http://www.w3.org/2005/Atom">
  <channel>
    <title>Exams with Solutions on MIT OpenCourseWare</title>
    <link>/resources/exams-with-solutions/</link>
    <description>Recent content in Exams with Solutions on MIT OpenCourseWare</description>
    <generator>Hugo -- gohugo.io</generator>
    <language>en-us</language><atom:link href="/resources/exams-with-solutions/index.xml" rel="self" type="application/rss+xml" />
    <item>
      <title>Quiz 3 Solutions</title>
      <link>/resources/mit6_006s20_q3_sol_pdf/data.json</link>
      <pubDate>Mon, 01 Jan 0001 00:00:00 +0000</pubDate>
      
      <guid>/resources/mit6_006s20_q3_sol_pdf/data.json</guid>
      <description></description>
    </item>
    
  </channel>
</rss>
