{
  "title":"6-006s20.png",
  "description": "",
  "file": "/courses/6-006-introduction-to-algorithms-spring-2020/5a62336c0a97b276d6141b0b7f070b5b_6-006s20.png",
  "learning_resource_types": [],
  "resource_type": "Image",
  "file_type": "image/png",
  "image_metadata": {"caption":"In the last lecture, Prof. Demaine demonstrates how he uses algorithms to create intricate origami figures. (Image courtesy of the instructors.)","credit":"","image-alt":"Prof. Demaine holds up a swirling origami figure."}}
