<?xml version="1.0" encoding="utf-8" standalone="yes"?>
<rss version="2.0" xmlns:atom="http://www.w3.org/2005/Atom">
  <channel>
    <title>Exams on MIT OpenCourseWare</title>
    <link>/resources/exams/</link>
    <description>Recent content in Exams on MIT OpenCourseWare</description>
    <generator>Hugo -- gohugo.io</generator>
    <language>en-us</language><atom:link href="/resources/exams/index.xml" rel="self" type="application/rss+xml" />
    <item>
      <title>Final Exam</title>
      <link>/resources/mit6_006s20_final/data.json</link>
      <pubDate>Mon, 01 Jan 0001 00:00:00 +0000</pubDate>
      
      <guid>/resources/mit6_006s20_final/data.json</guid>
      <description></description>
    </item>
    
    <item>
      <title>Final Exam Solutions</title>
      <link>/resources/mit6_006s20_final_sol/data.json</link>
      <pubDate>Mon, 01 Jan 0001 00:00:00 +0000</pubDate>
      
      <guid>/resources/mit6_006s20_final_sol/data.json</guid>
      <description></description>
    </item>
    
    <item>
      <title>Quiz 1</title>
      <link>/resources/mit6_006s20_q1/data.json</link>
      <pubDate>Mon, 01 Jan 0001 00:00:00 +0000</pubDate>
      
      <guid>/resources/mit6_006s20_q1/data.json</guid>
      <description></description>
    </item>
    
    <item>
      <title>Quiz 1 Review</title>
      <link>/resources/mit6_006s20_review1/data.json</link>
      <pubDate>Mon, 01 Jan 0001 00:00:00 +0000</pubDate>
      
      <guid>/resources/mit6_006s20_review1/data.json</guid>
      <description></description>
    </item>
    
    <item>
      <title>Quiz 1 Review Solutions</title>
      <link>/resources/mit6_006s20_review1_sol/data.json</link>
      <pubDate>Mon, 01 Jan 0001 00:00:00 +0000</pubDate>
      
      <guid>/resources/mit6_006s20_review1_sol/data.json</guid>
      <description></description>
    </item>
    
    <item>
      <title>Quiz 1 Solutions</title>
      <link>/resources/mit6_006s20_q1_sol/data.json</link>
      <pubDate>Mon, 01 Jan 0001 00:00:00 +0000</pubDate>
      
      <guid>/resources/mit6_006s20_q1_sol/data.json</guid>
      <description></description>
    </item>
    
    <item>
      <title>Quiz 2</title>
      <link>/resources/mit6_006s20_q2/data.json</link>
      <pubDate>Mon, 01 Jan 0001 00:00:00 +0000</pubDate>
      
      <guid>/resources/mit6_006s20_q2/data.json</guid>
      <description></description>
    </item>
    
    <item>
      <title>Quiz 2 Review</title>
      <link>/resources/mit6_006s20_review2/data.json</link>
      <pubDate>Mon, 01 Jan 0001 00:00:00 +0000</pubDate>
      
      <guid>/resources/mit6_006s20_review2/data.json</guid>
      <description></description>
    </item>
    
    <item>
      <title>Quiz 2 Review Solutions</title>
      <link>/resources/mit6_006s20_review2_sol/data.json</link>
      <pubDate>Mon, 01 Jan 0001 00:00:00 +0000</pubDate>
      
      <guid>/resources/mit6_006s20_review2_sol/data.json</guid>
      <description></description>
    </item>
    
    <item>
      <title>Quiz 2 Solutions</title>
      <link>/resources/mit6_006s20_q2_sol/data.json</link>
      <pubDate>Mon, 01 Jan 0001 00:00:00 +0000</pubDate>
      
      <guid>/resources/mit6_006s20_q2_sol/data.json</guid>
      <description></description>
    </item>
    
    <item>
      <title>Quiz 3</title>
      <link>/resources/mit6_006s20_q3_pdf/data.json</link>
      <pubDate>Mon, 01 Jan 0001 00:00:00 +0000</pubDate>
      
      <guid>/resources/mit6_006s20_q3_pdf/data.json</guid>
      <description></description>
    </item>
    
    <item>
      <title>Quiz 3 Review</title>
      <link>/resources/mit6_006s20_review3/data.json</link>
      <pubDate>Mon, 01 Jan 0001 00:00:00 +0000</pubDate>
      
      <guid>/resources/mit6_006s20_review3/data.json</guid>
      <description></description>
    </item>
    
    <item>
      <title>Quiz 3 Review Solutions</title>
      <link>/resources/mit6_006s20_review3_sol/data.json</link>
      <pubDate>Mon, 01 Jan 0001 00:00:00 +0000</pubDate>
      
      <guid>/resources/mit6_006s20_review3_sol/data.json</guid>
      <description></description>
    </item>
    
    <item>
      <title>Quizzes</title>
      <link>/pages/quizzes/data.json</link>
      <pubDate>Mon, 01 Jan 0001 00:00:00 +0000</pubDate>
      
      <guid>/pages/quizzes/data.json</guid>
      <description>Quiz Review Quiz Quiz 1 Review (PDF)
Quiz 1 Review Solutions (PDF)
Quiz 1 (PDF)
Quiz 1 Solutions (PDF)
Quiz 2 Review (PDF)
Quiz 2 Review Solutions (PDF)
Quiz 2 (PDF)
Quiz 2 Solutions (PDF)
Quiz 3 Review (PDF)
Quiz 3 Review Solutions (PDF)
Quiz 3 (PDF)
Quiz 3 Solutions (PDF)
No reviews Final Exam (PDF)
Final Exam Solutions (PDF)</description>
    </item>
    
  </channel>
</rss>
