{
  "title":"Problem Session 7",
  "description": null,
  "file": "/courses/6-006-introduction-to-algorithms-spring-2020/mit6_006s20_04_07_problem_session_7_360p_16_9.mp4",
  "learning_resource_types": ["Recitation Videos"],
  "resource_type": "Video",
  "file_type": "video/mp4",
  "youtube_key":  "Md9QOXomxFs",
  "captions_file": "/courses/6-006-introduction-to-algorithms-spring-2020/mit6_006s20_04_07_problem_session_7_captions.vtt",
  "transcript_file": "/courses/6-006-introduction-to-algorithms-spring-2020/mit6_006s20_04_07_problem_session_7_transcript.pdf",
  "thumbnail_file": "https://img.youtube.com/vi/Md9QOXomxFs/default.jpg",
  "archive_url": ""}
