{
  "title":"Lecture 10: Depth-First Search",
  "description": "",
  "file": null,
  "learning_resource_types": ["Lecture Videos"],
  "resource_type": "Video",
  "file_type": null,
  "youtube_key":  "IBfWDYSffUU",
  "captions_file": "/courses/6-006-introduction-to-algorithms-spring-2020/8c17de3f613658b2b19081ee7fa8621b_IBfWDYSffUU.vtt",
  "transcript_file": "/courses/6-006-introduction-to-algorithms-spring-2020/9d7ad800a887efa9dcbb1970eeabecdb_IBfWDYSffUU.pdf",
  "thumbnail_file": "https://img.youtube.com/vi/IBfWDYSffUU/default.jpg",
  "archive_url": "https://archive.org/download/MIT6.006S20/MIT6_006S20_03_10_Lecture_10_300k.mp4"}
