{
  "title":"Lecture 3: Sets and Sorting",
  "description": "",
  "file": null,
  "learning_resource_types": ["Lecture Videos"],
  "resource_type": "Video",
  "file_type": null,
  "youtube_key":  "oS9aPzUNG-s",
  "captions_file": "/courses/6-006-introduction-to-algorithms-spring-2020/29bcfe7d3a1d5fbf8ffae177906f0992_oS9aPzUNG-s.vtt",
  "transcript_file": "/courses/6-006-introduction-to-algorithms-spring-2020/78acbf986a7f22ac905a4b5c44dd6ca0_oS9aPzUNG-s.pdf",
  "thumbnail_file": "https://img.youtube.com/vi/oS9aPzUNG-s/default.jpg",
  "archive_url": "https://archive.org/download/MIT6.006S20/MIT6_006S20_02_11_Lecture_3_300k.mp4"}
