{
  "title":"Problem Session 1",
  "description": "",
  "file": null,
  "learning_resource_types": ["Lecture Videos"],
  "resource_type": "Video",
  "file_type": null,
  "youtube_key":  "IPSaG9RRc-k",
  "captions_file": "/courses/6-006-introduction-to-algorithms-spring-2020/26345826aaea5a729dcb245a5e472f98_IPSaG9RRc-k.vtt",
  "transcript_file": "/courses/6-006-introduction-to-algorithms-spring-2020/0395d6349cfd3826afbe8e0b501993f6_IPSaG9RRc-k.pdf",
  "thumbnail_file": "https://img.youtube.com/vi/IPSaG9RRc-k/default.jpg",
  "archive_url": "https://archive.org/download/MIT6.006S20/MIT6_006S20_02_07_Problem_Session_1_300k.mp4"}
