{
  "title":"Lecture 16: Dynamic Programming, Part 2: LCS, LIS, Coins",
  "description": "",
  "file": null,
  "learning_resource_types": ["Lecture Videos"],
  "resource_type": "Video",
  "file_type": null,
  "youtube_key":  "KLBCUx1is2c",
  "captions_file": "/courses/6-006-introduction-to-algorithms-spring-2020/14b78f44e1a3588f9f7b1a5836e0fb9c_KLBCUx1is2c.vtt",
  "transcript_file": "/courses/6-006-introduction-to-algorithms-spring-2020/1272de68b70b356339730b7290e8e1c4_KLBCUx1is2c.pdf",
  "thumbnail_file": "https://img.youtube.com/vi/KLBCUx1is2c/default.jpg",
  "archive_url": "https://archive.org/download/MIT6.006S20/MIT6_006S20_04_16_Lecture_16_300k.mp4"}
