{
  "title":"Lecture 5: Linear Sorting",
  "description": "",
  "file": null,
  "learning_resource_types": ["Lecture Videos"],
  "resource_type": "Video",
  "file_type": null,
  "youtube_key":  "yndgIDO0zQQ",
  "captions_file": "/courses/6-006-introduction-to-algorithms-spring-2020/9f4d1039334c5bb4a3ab893f287be20f_yndgIDO0zQQ.vtt",
  "transcript_file": "/courses/6-006-introduction-to-algorithms-spring-2020/54097f92366e4e29e67b0f95563c9a14_yndgIDO0zQQ.pdf",
  "thumbnail_file": "https://img.youtube.com/vi/yndgIDO0zQQ/default.jpg",
  "archive_url": "https://archive.org/download/MIT6.006S20/MIT6_006S20_02_20_Lecture_5_300k.mp4"}
