{
  "title":"Lecture 11: Weighted Shortest Paths",
  "description": "",
  "file": null,
  "learning_resource_types": ["Lecture Videos"],
  "resource_type": "Video",
  "file_type": null,
  "youtube_key":  "5cF5Bgv59Sc",
  "captions_file": "/courses/6-006-introduction-to-algorithms-spring-2020/d78be480f5f053dd898ba61856990ff8_5cF5Bgv59Sc.vtt",
  "transcript_file": "/courses/6-006-introduction-to-algorithms-spring-2020/263b52eabd33a5c7139dc71cc9a9e3b5_5cF5Bgv59Sc.pdf",
  "thumbnail_file": "https://img.youtube.com/vi/5cF5Bgv59Sc/default.jpg",
  "archive_url": "https://archive.org/download/MIT6.006S20/MIT6_006S20_03_12_Lecture_11_300k.mp4"}
