{
  "title":"Lecture 4: Hashing",
  "description": "",
  "file": null,
  "learning_resource_types": ["Lecture Videos"],
  "resource_type": "Video",
  "file_type": null,
  "youtube_key":  "Nu8YGneFCWE",
  "captions_file": "/courses/6-006-introduction-to-algorithms-spring-2020/0524dcdbc4d7552385ad2721532fea49_Nu8YGneFCWE.vtt",
  "transcript_file": "/courses/6-006-introduction-to-algorithms-spring-2020/29940a5532a8176a4fd5ab70e9fcb2a8_Nu8YGneFCWE.pdf",
  "thumbnail_file": "https://img.youtube.com/vi/Nu8YGneFCWE/default.jpg",
  "archive_url": "https://archive.org/download/MIT6.006S20/MIT6_006S20_02_13_Lecture_4_300k.mp4"}
