{
  "title":"Quiz 2 Review",
  "description": "",
  "file": null,
  "learning_resource_types": ["Lecture Videos"],
  "resource_type": "Video",
  "file_type": null,
  "youtube_key":  "vCIa2h1C9UQ",
  "captions_file": "/courses/6-006-introduction-to-algorithms-spring-2020/9207762d9c69594c8aa43d06abc12f12_vCIa2h1C9UQ.vtt",
  "transcript_file": "/courses/6-006-introduction-to-algorithms-spring-2020/975a2c9af7b9610ad121816928b66e1c_vCIa2h1C9UQ.pdf",
  "thumbnail_file": "https://img.youtube.com/vi/vCIa2h1C9UQ/default.jpg",
  "archive_url": "https://archive.org/download/MIT6.006S20/MIT6_006S20_04_13_Quiz_2_Review_300k.mp4"}
