{
  "title":"Lecture 20: Course Review",
  "description": "",
  "file": null,
  "learning_resource_types": ["Lecture Videos"],
  "resource_type": "Video",
  "file_type": null,
  "youtube_key":  "2NMtS1ecb3o",
  "captions_file": "/courses/6-006-introduction-to-algorithms-spring-2020/97d3267caa20591081d2aa1690363500_2NMtS1ecb3o.vtt",
  "transcript_file": "/courses/6-006-introduction-to-algorithms-spring-2020/44914ea2481a6da890660009e8f752bd_2NMtS1ecb3o.pdf",
  "thumbnail_file": "https://img.youtube.com/vi/2NMtS1ecb3o/default.jpg",
  "archive_url": "https://archive.org/download/MIT6.006S20/MIT6_006S20_05_05_Lecture_20_300k.mp4"}
