{
  "title":"Problem Session 5",
  "description": "",
  "file": null,
  "learning_resource_types": ["Lecture Videos"],
  "resource_type": "Video",
  "file_type": null,
  "youtube_key":  "ZLdooNwP7Pw",
  "captions_file": "/courses/6-006-introduction-to-algorithms-spring-2020/3a3391943cf5569d9ac47694e9f78123_ZLdooNwP7Pw.vtt",
  "transcript_file": "/courses/6-006-introduction-to-algorithms-spring-2020/d4c6cd4cb920228df44967bf82eb501c_ZLdooNwP7Pw.pdf",
  "thumbnail_file": "https://img.youtube.com/vi/ZLdooNwP7Pw/default.jpg",
  "archive_url": "https://archive.org/download/MIT6.006S20/MIT6_006S20_03_13_Problem_Session_5_300k.mp4"}
