{
  "title":"Lecture 7: Binary Trees, Part 2: AVL",
  "description": "",
  "file": null,
  "learning_resource_types": ["Lecture Videos"],
  "resource_type": "Video",
  "file_type": null,
  "youtube_key":  "U1JYwHcFfso",
  "captions_file": "/courses/6-006-introduction-to-algorithms-spring-2020/f46f688c7331563fb0c98275a7409522_U1JYwHcFfso.vtt",
  "transcript_file": "/courses/6-006-introduction-to-algorithms-spring-2020/48b4449c39e17e782cc72ca6c6353023_U1JYwHcFfso.pdf",
  "thumbnail_file": "https://img.youtube.com/vi/U1JYwHcFfso/default.jpg",
  "archive_url": "https://archive.org/download/MIT6.006S20/MIT6_006S20_02_27_Lecture_7_300k.mp4"}
