{
  "title":"Problem Session 9",
  "description": null,
  "file": "/courses/6-006-introduction-to-algorithms-spring-2020/mit6_006s20_05_01_problem_session_9_360p_16_9.mp4",
  "learning_resource_types": ["Recitation Videos"],
  "resource_type": "Video",
  "file_type": "video/mp4",
  "youtube_key":  "KPkOkiwAlbY",
  "captions_file": "/courses/6-006-introduction-to-algorithms-spring-2020/mit6_006s20_05_01_problem_session_9_captions.vtt",
  "transcript_file": "/courses/6-006-introduction-to-algorithms-spring-2020/mit6_006s20_05_01_problem_session_9_transcript.pdf",
  "thumbnail_file": "https://img.youtube.com/vi/KPkOkiwAlbY/default.jpg",
  "archive_url": ""}
