{
  "title":"Lecture 21: Algorithms—Next Steps",
  "description": "",
  "file": null,
  "learning_resource_types": ["Lecture Videos"],
  "resource_type": "Video",
  "file_type": null,
  "youtube_key":  "4nXw-f6NJ9s",
  "captions_file": "/courses/6-006-introduction-to-algorithms-spring-2020/72551ff938a456758e4997e6d06c21bc_4nXw-f6NJ9s.vtt",
  "transcript_file": "/courses/6-006-introduction-to-algorithms-spring-2020/18fd1dcb60d70b3c458899ad35187f56_4nXw-f6NJ9s.pdf",
  "thumbnail_file": "https://img.youtube.com/vi/4nXw-f6NJ9s/default.jpg",
  "archive_url": "https://archive.org/download/MIT6.006S20/MIT6_006S20_05_12_Lecture_21_300k.mp4"}
