{
  "title":"Problem Session 3",
  "description": "",
  "file": null,
  "learning_resource_types": ["Lecture Videos"],
  "resource_type": "Video",
  "file_type": null,
  "youtube_key":  "g0bXSXuLVb0",
  "captions_file": "/courses/6-006-introduction-to-algorithms-spring-2020/bdedc121a8aa5712aea43f919e763a50_g0bXSXuLVb0.vtt",
  "transcript_file": "/courses/6-006-introduction-to-algorithms-spring-2020/b0daad0af274767463cc825de2134987_g0bXSXuLVb0.pdf",
  "thumbnail_file": "https://img.youtube.com/vi/g0bXSXuLVb0/default.jpg",
  "archive_url": "https://archive.org/download/MIT6.006S20/MIT6_006S20_02_21_Problem_Session_3_300k.mp4"}
