{
  "title":"Problem Session 2",
  "description": "",
  "file": null,
  "learning_resource_types": ["Lecture Videos"],
  "resource_type": "Video",
  "file_type": null,
  "youtube_key":  "KlQiwkhLBg0",
  "captions_file": "/courses/6-006-introduction-to-algorithms-spring-2020/5fa8fe5d137053709fa55b2f27670e21_KlQiwkhLBg0.vtt",
  "transcript_file": "/courses/6-006-introduction-to-algorithms-spring-2020/0d6680dcc57a241a6e7461dbc3fb1bd9_KlQiwkhLBg0.pdf",
  "thumbnail_file": "https://img.youtube.com/vi/KlQiwkhLBg0/default.jpg",
  "archive_url": "https://archive.org/download/MIT6.006S20/MIT6_006S20_02_14_Problem_Session_2_300k.mp4"}
