{
  "title":"Lecture 9: Breadth-First Search",
  "description": "",
  "file": null,
  "learning_resource_types": ["Lecture Videos"],
  "resource_type": "Video",
  "file_type": null,
  "youtube_key":  "oFVYVzlvk9c",
  "captions_file": "/courses/6-006-introduction-to-algorithms-spring-2020/45f2aafeec5e5d80b2550bf31e3b8870_oFVYVzlvk9c.vtt",
  "transcript_file": "/courses/6-006-introduction-to-algorithms-spring-2020/ba6f7683ee058482cacfdc32bdf30e49_oFVYVzlvk9c.pdf",
  "thumbnail_file": "https://img.youtube.com/vi/oFVYVzlvk9c/default.jpg",
  "archive_url": "https://archive.org/download/MIT6.006S20/MIT6_006S20_03_05_Lecture_9_300k.mp4"}
