{
  "title":"Lecture 18: Dynamic Programming, Part 4: Rods, Subset Sum, Pseudopolynomial",
  "description": "",
  "file": null,
  "learning_resource_types": ["Lecture Videos"],
  "resource_type": "Video",
  "file_type": null,
  "youtube_key":  "i9OAOk0CUQE",
  "captions_file": "/courses/6-006-introduction-to-algorithms-spring-2020/8e32a6dd19895684b489224bc8820f1a_i9OAOk0CUQE.vtt",
  "transcript_file": "/courses/6-006-introduction-to-algorithms-spring-2020/e1699af8984093322e86f2fd5ea6af91_i9OAOk0CUQE.pdf",
  "thumbnail_file": "https://img.youtube.com/vi/i9OAOk0CUQE/default.jpg",
  "archive_url": "https://archive.org/download/MIT6.006S20/MIT6_006S20_04_28_Lecture_18_300k.mp4"}
