{
  "title":"Lecture 19: Complexity",
  "description": "",
  "file": null,
  "learning_resource_types": ["Lecture Videos"],
  "resource_type": "Video",
  "file_type": null,
  "youtube_key":  "JbafQJx1CIA",
  "captions_file": "/courses/6-006-introduction-to-algorithms-spring-2020/d0bd6e42f538530783880471ab94b53f_JbafQJx1CIA.vtt",
  "transcript_file": "/courses/6-006-introduction-to-algorithms-spring-2020/2967982adb48eed556a1aead7b8be938_JbafQJx1CIA.pdf",
  "thumbnail_file": "https://img.youtube.com/vi/JbafQJx1CIA/default.jpg",
  "archive_url": "https://archive.org/download/MIT6.006S20/MIT6_006S20_04_30_Lecture_19_300k.mp4"}
