{
  "title":"Quiz 1 Review",
  "description": "",
  "file": null,
  "learning_resource_types": ["Lecture Videos"],
  "resource_type": "Video",
  "file_type": null,
  "youtube_key":  "e98MPnMHLxE",
  "captions_file": "/courses/6-006-introduction-to-algorithms-spring-2020/fc6ad811f8d8561e96e20535204111b4_e98MPnMHLxE.vtt",
  "transcript_file": "/courses/6-006-introduction-to-algorithms-spring-2020/5148975023959ffe4b43f52277ed8549_e98MPnMHLxE.pdf",
  "thumbnail_file": "https://img.youtube.com/vi/e98MPnMHLxE/default.jpg",
  "archive_url": "https://archive.org/download/MIT6.006S20/MIT6_006S20_03_06_Quiz_1_Review_300k.mp4"}
