{
  "title":"Problem Session 4",
  "description": "",
  "file": null,
  "learning_resource_types": ["Lecture Videos"],
  "resource_type": "Video",
  "file_type": null,
  "youtube_key":  "MAyraVVYB64",
  "captions_file": "/courses/6-006-introduction-to-algorithms-spring-2020/7fff61629022502b827799ebc475e577_MAyraVVYB64.vtt",
  "transcript_file": "/courses/6-006-introduction-to-algorithms-spring-2020/749cd7f4d838c2377c677ec20cb16796_MAyraVVYB64.pdf",
  "thumbnail_file": "https://img.youtube.com/vi/MAyraVVYB64/default.jpg",
  "archive_url": "https://archive.org/download/MIT6.006S20/MIT6_006S20_02_28_Problem_Session_4_300k.mp4"}
