{
  "title":"Lecture 6: Binary Trees, Part 1",
  "description": "",
  "file": null,
  "learning_resource_types": ["Lecture Videos"],
  "resource_type": "Video",
  "file_type": null,
  "youtube_key":  "76dhtgZt38A",
  "captions_file": "/courses/6-006-introduction-to-algorithms-spring-2020/9dab95776c4c57548dea5bb73a627a33_76dhtgZt38A.vtt",
  "transcript_file": "/courses/6-006-introduction-to-algorithms-spring-2020/5ea5e2b8225c69094b0c684982d370ae_76dhtgZt38A.pdf",
  "thumbnail_file": "https://img.youtube.com/vi/76dhtgZt38A/default.jpg",
  "archive_url": "https://archive.org/download/MIT6.006S20/MIT6_006S20_02_25_Lecture_6_300k.mp4"}
