{
  "title":"Lecture 8: Binary Heaps",
  "description": "",
  "file": null,
  "learning_resource_types": ["Lecture Videos"],
  "resource_type": "Video",
  "file_type": null,
  "youtube_key":  "Xnpo1atN-Iw",
  "captions_file": "/courses/6-006-introduction-to-algorithms-spring-2020/f3fd9bea22415933b64e14488c50ce8b_Xnpo1atN-Iw.vtt",
  "transcript_file": "/courses/6-006-introduction-to-algorithms-spring-2020/0f70cd0c9c53b87fc55e547dcb167a7d_Xnpo1atN-Iw.pdf",
  "thumbnail_file": "https://img.youtube.com/vi/Xnpo1atN-Iw/default.jpg",
  "archive_url": "https://archive.org/download/MIT6.006S20/MIT6_006S20_03_03_Lecture_8_300k.mp4"}
