{
  "title":"Lecture 2: Data Structures and Dynamic Arrays",
  "description": "",
  "file": null,
  "learning_resource_types": ["Lecture Videos"],
  "resource_type": "Video",
  "file_type": null,
  "youtube_key":  "CHhwJjR0mZA",
  "captions_file": "/courses/6-006-introduction-to-algorithms-spring-2020/300863d48d855d35aba4867a911faf1e_CHhwJjR0mZA.vtt",
  "transcript_file": "/courses/6-006-introduction-to-algorithms-spring-2020/851ae1c98f7a73382b76732f977bb92f_CHhwJjR0mZA.pdf",
  "thumbnail_file": "https://img.youtube.com/vi/CHhwJjR0mZA/default.jpg",
  "archive_url": "https://archive.org/download/MIT6.006S20/MIT6_006S20_02_06_Lecture_2_300k.mp4"}
