{"026fdd55-054f-13a3-3b6e-a96ccd690a94":"/resources/za-tuym_y7s/data.json","0395d634-9cfd-3826-afbe-8e0b501993f6":"/resources/ipsag9rrc-k-1/data.json","03a34fcf-3012-a242-ffca-e5534e9fa511":"/resources/mit6_006s20_ps3-questions/data.json","03ce9f32-ba89-7744-ca3f-28ff89f5acb2":"/resources/l_a-ig1n8cm/data.json","03d27c84-ab77-d0f9-98c2-3dcb2145fdd4":"/resources/wo6vqj6rhm8-1/data.json","045bcc28-46d6-aef7-bd77-d597d74f213a":"/resources/mit6_006s20_r17/data.json","0462839c-e975-fea9-9f6a-7b8adc8e1477":"/resources/mit6_006s20_ps4-solutions/data.json","048214bf-4df5-bca6-7d2a-cdf66beb6c04":"/resources/os9apzung-s/data.json","0524dcdb-c4d7-5523-85ad-2721532fea49":"/resources/nu8ygnefcwe-2/data.json","071bb955-35e7-3708-93e2-7146d1287111":"/resources/nshizbk9jd8-1/data.json","08c2314e-3e4c-4590-bffc-3409549f25eb":"/resources/f9cvs_urpc0-1/data.json","0cb5c705-7522-61af-9da7-44c22925a136":"/resources/mit6_006s20_ps6_questions/data.json","0d6680dc-c57a-241a-6e74-61dbc3fb1bd9":"/resources/klqiwkhlbg0-1/data.json","0f70cd0c-9c53-b87f-c55e-547dcb167a7d":"/resources/xnpo1atn-iw-1/data.json","10e4e344-4c1b-de4c-662a-47a8f14dadd3":"/resources/mit6_006s20_ps1-solutions/data.json","1272de68-b70b-3563-3973-0b7290e8e1c4":"/resources/klbcux1is2c-1/data.json","14b78f44-e1a3-588f-9f7b-1a5836e0fb9c":"/resources/klbcux1is2c-2/data.json","1564725a-1ae8-9d70-18c0-89105e2804e2":"/resources/mit6_006s20_review3_sol/data.json","162fa935-78fe-6c77-3f5f-9e41af861114":"/resources/lecture-18-dynamic-programming-part-4-rods-subset-sum-pseudopolynomial/data.json","16d43dec-3488-7170-57d7-daff2bac3400":"/resources/mit6_006s20_r07/data.json","1818cb45-92fa-aff9-dcc6-fbcbc14addc5":"/resources/g0bxsxulvb0/data.json","1869dbf6-40de-d6b3-1f1b-d369d2001ef5":"/resources/mit6_006s20_r03/data.json","18fd1dcb-60d7-0b3c-4588-99ad35187f56":"/resources/4nxw-f6nj9s-1/data.json","196a9560-4877-d326-c658-6e60477b59d4":"/resources/mit6_006s20_lec9/data.json","1a34924a-2ee4-e08c-580c-2268f8e854ee":"/resources/mit6_006s20_r12/data.json","1c3ef8fb-16a9-3315-2e69-0869b68dd867":"/resources/4nxw-f6nj9s/data.json","1e253aba-3e0b-3ad3-f669-ec5ccf26b996":"/resources/mit6_006s20_prob7/data.json","1ecbb414-9fe5-f516-6033-bdde285dba07":"/resources/mit6_006s20_prob1sol/data.json","205af4c0-fa89-edb1-4def-915ecd59a382":"/resources/mit6_006s20_ps5-template/data.json","20ec7b26-3519-6818-e782-f3e1bfde21bf":"/resources/mit6_006s20_q2_sol/data.json","21a093e7-09c0-8e5d-1969-70aef23c1148":"/resources/mit6_006s20_prob6/data.json","23d4cf54-21c7-7bb5-5b37-35f7e8f70dfe":"/resources/mit6_006s20_ps5_solutions/data.json","241914a6-e4d1-4f8b-9ef1-a816f470a2ed":"/resources/mit6_006s20_04_17_problem_session_8_transcript_pdf/data.json","2430d790-3a55-2945-1d80-c17f89a41fe8":"/resources/mit6_006s20_lec12/data.json","24d4655d-fd31-4304-ffdb-06aeafffab80":"/resources/lecture-4-hashing/data.json","24d61be7-a7ce-6eab-02f0-3756ef420463":"/resources/lecture-5-linear-sorting/data.json","26345826-aaea-5a72-9dcb-245a5e472f98":"/resources/ipsag9rrc-k-2/data.json","263b52ea-bd33-a5c7-139d-c71cc9a9e3b5":"/resources/5cf5bgv59sc-1/data.json","278df824-53ba-2009-a4b1-0715dd581006":"/resources/problem-session-4/data.json","28461a74-f811-0187-4a13-d9679a40584d":"/resources/mit6_006s20_lec16/data.json","2967982a-db48-eed5-56a1-aead7b8be938":"/resources/jbafqjx1cia-1/data.json","29940a55-32a8-176a-4fd5-ab70e9fcb2a8":"/resources/nu8ygnefcwe-1/data.json","29bcfe7d-3a1d-5fbf-8ffa-e177906f0992":"/resources/os9apzung-s-2/data.json","2b91b05c-8cc3-bd41-9dde-27acf5559b79":"/resources/mit6_006s20_prob5sol/data.json","2c6e0b00-b144-b98d-218b-f028dd516579":"/resources/mit6_006s20_review2/data.json","2cea5355-e5fc-4acc-bf32-40d41e629759":"/resources/mit6_006s20_lec18_pdf/data.json","2d24d7c7-7059-bb86-3c69-11d2f0f69b88":"/resources/nshizbk9jd8/data.json","2dd8a6bf-697c-cc23-b282-ae6f9dec5b6f":"/video_galleries/lecture-videos/data.json","300863d4-8d85-5d35-aba4-867a911faf1e":"/resources/chhwjjr0mza-2/data.json","3107e5fd-0a95-48cb-b7ad-5003b24a9d6f":"/resources/mit6_006s20_05_01_problem_session_9_transcript_pdf/data.json","31202781-6e1f-57df-b087-e41b7ca91012":"/resources/l_a-ig1n8cm-2/data.json","322dc849-c5d2-6d92-a50b-8c656d82b443":"/resources/l_a-ig1n8cm-1/data.json","34772414-2015-b7f2-9d89-ef586ef85654":"/resources/mit6_006s20_ps6-template/data.json","34a15b58-3014-db70-3257-3a4bfa60d994":"/resources/zldoonwp7pw/data.json","37110f2f-c2df-db77-5ea6-ca06c2f321b5":"/resources/nu8ygnefcwe/data.json","376714cc-85c6-c784-d90e-ec9c575ec027":"/resources/mit6_006s20_lec6/data.json","37ff92b1-d052-2b30-ebd3-3acfe9141fc5":"/resources/f9cvs_urpc0/data.json","39b3ead1-8e48-0e43-22a8-a7308daf8fa1":"/resources/mit6_006s20_ps8_solutions/data.json","3a339194-3cf5-569d-9ac4-7694e9f78123":"/resources/zldoonwp7pw-2/data.json","3dff7a1e-cbc2-41e9-b91b-48e69a1588d4":"/resources/mit6_006s20_ps7_questions/data.json","3fd3c005-8e62-432b-0136-da3cf9680055":"/resources/lecture-12-bellman-ford/data.json","400e6a8d-35c4-e497-f645-fe19629c58f3":"/pages/quizzes/data.json","40a6c59a-2c03-95b7-0cfb-f26d5666c545":"/resources/mit6_006s20_prob9sol/data.json","40d4851e-5505-07ca-14dc-778b9b2266cc":"/resources/mit6_006s20_lec8/data.json","40ee076c-16d6-4585-b7e0-46973bbdab51":"/resources/mit6_006s20_05_01_problem_session_9_captions_vtt/data.json","419f6e3d-3a4e-39e2-bb6e-c1a23a495ee2":"/resources/klqiwkhlbg0/data.json","42d755fd-6b9c-d6f7-38e3-615b57346ee5":"/resources/mit6_006s20_review1/data.json","4434d709-d2c3-41e6-91b5-4e2ee93c7610":"/resources/mit6_006s20_04_07_problem_session_7_transcript_pdf/data.json","44914ea2-481a-6da8-9066-0009e8f752bd":"/resources/2nmts1ecb3o-1/data.json","44c703f5-a5cc-35c5-7d44-fe9568e16b47":"/resources/lecture-8-binary-heaps/data.json","45f2aafe-ec5e-5d80-b255-0bf31e3b8870":"/resources/ofvyvzlvk9c-2/data.json","462b2a5f-6e52-50a9-9fff-81c1d63f38c5":"/resources/tdo3r5m1lno-2/data.json","477c78e0-af2d-f61f-a205-bcc6cb613ceb":"/resources/mit6_006s20_lec1/data.json","487dc976-eabd-0f9b-cd6a-3c385203ea27":"/resources/mit6_006s20_r16/data.json","48b4449c-39e1-7e78-2cc7-2ca6c6353023":"/resources/u1jywhcffso-1/data.json","48d7efc2-151c-012c-3b58-25def33f0be5":"/resources/mit6_006s20_prob2/data.json","49b6d67b-6f2d-a044-3dad-b57b01b351d2":"/resources/emsmaw-ud6a/data.json","4a51a9a3-277b-ba08-7565-dd18a369c381":"/resources/lecture-10-depth-first-search/data.json","4d0ab81c-f67d-ef14-c240-e3f55d3e2a35":"/resources/lecture-6-binary-trees-part-1/data.json","50f2e779-676f-cca7-6901-549a9d37a1ea":"/resources/mit6_006s20_ps2-template/data.json","51489750-2395-9ffe-4b43-f52277ed8549":"/resources/e98mpnmhlxe-1/data.json","51ba9637-0a92-32f2-88ab-0bef851c9ad4":"/pages/lecture-notes/data.json","54097f92-366e-4e29-e67b-0f95563c9a14":"/resources/yndgido0zqq-1/data.json","56f5e09a-afb6-3dae-6059-240edcb6f3e7":"/resources/r4-cftqtcdi/data.json","5a62336c-0a97-b276-d614-1b0b7f070b5b":"/resources/6-006s20/data.json","5b1e2b01-df0c-511d-8fdf-c80d48023b97":"/resources/nshizbk9jd8-2/data.json","5c793459-5198-027c-18ad-df82f2342385":"/resources/lecture-9-breadth-first-search/data.json","5ea5e2b8-225c-6909-4b0c-684982d370ae":"/resources/76dhtgzt38a-1/data.json","5f5418aa-88d8-3ce0-d718-6cfe71f5890b":"/resources/tdo3r5m1lno/data.json","5fa8fe5d-1370-5370-9fa5-5b2f27670e21":"/resources/klqiwkhlbg0-2/data.json","6022dc36-557c-5e5d-f2ad-0a77e9463855":"/resources/mit6_006s20_r15/data.json","6027e2a1-55c9-4893-7fdf-b93981f7070c":"/resources/mit6_006s20_r14/data.json","60da50f1-00f1-a813-476b-6e6a65e98226":"/pages/practice-problems/data.json","60f0a029-ab15-4553-cad5-1b54cc25605b":"/resources/mit6_006s20_ps0-questions/data.json","62a010c4-ec10-b409-9e49-64c9ac88a047":"/resources/mayravvyb64/data.json","64197350-32aa-8256-f7fc-e51115d952e8":"/resources/jbafqjx1cia/data.json","64c64027-48ae-a996-ed84-f20f94fb3008":"/resources/ipsag9rrc-k/data.json","66552322-7a17-5e9e-9ce2-6ea8d3e5b51c":"/resources/mit6_006s20_lec17/data.json","66e76227-0e6a-d921-7efe-e9aceec4e7ea":"/resources/u1jywhcffso/data.json","69d5e9e9-0446-68d0-dc3d-02e7bfe0a2e0":"/resources/lecture-3-sets-and-sorting/data.json","6afd7e9a-85d7-d36e-2045-33569f9fccf6":"/resources/mit6_006s20_r09/data.json","6b8104af-a6e9-591b-7823-a85a4902d0b9":"/resources/mit6_006s20_prob5/data.json","6d1ae527-8d02-bbec-b5c4-428928b24194":"/resources/mit6_006s20_lec3/data.json","701c2f33-9890-cbf9-c0c2-a3495d007f26":"/resources/mit6_006s20_r08/data.json","7064469b-6378-362a-feca-30e719230e94":"/resources/2nmts1ecb3o/data.json","70d9c6b2-12c6-dfce-6723-259ffb429521":"/resources/mit6_006s20_ps2-questions/data.json","71f23f4d-8ca6-49ab-a9d1-a4cabfa7b35c":"/resources/mit6_006s20_04_17_problem_session_8_mp4/data.json","722ca920-0306-56d4-518f-6a7aecc793be":"/resources/mit6_006s20_prob9/data.json","7232b0ff-982f-5015-5611-8a8552654762":"/resources/mit6_006s20_r19/data.json","72551ff9-38a4-5675-8e49-97e6d06c21bc":"/resources/4nxw-f6nj9s-2/data.json","740643e3-7115-7487-0a83-ebfceee9a8ae":"/resources/mit6_006s20_ps8_questions/data.json","74208ac1-6ec3-d120-5b14-1ccaf62e29d0":"/resources/lecture-11-weighted-shortest-paths/data.json","749cd7f4-d838-c237-7c67-7ec20cb16796":"/resources/mayravvyb64-1/data.json","774d2b6a-a2a6-2c33-5bbb-0080c2f3da6d":"/resources/lecture-16-dynamic-programming-part-2-lcs-lis-coins/data.json","77a387be-1bcc-df06-e693-9a7e61ea93ab":"/resources/problem-session-1/data.json","77ff36ad-5477-9575-d9ba-8d8687f91b5b":"/resources/mit6_006s20_r11/data.json","78a3c344-4de1-ff83-7f81-e52991c24a86":"/resources/mit6_006s20_lec5/data.json","78acbf98-6a7f-22ac-905a-4b5c44dd6ca0":"/resources/os9apzung-s-1/data.json","79a07dc1-cb47-d76d-ae2f-fedc701e3d2b":"/resources/mit6_006s20_lec2/data.json","7bced473-5045-37a6-bb1d-e2c8faf1b296":"/resources/76dhtgzt38a/data.json","7d246bd6-01a5-4a7f-1fa9-247e10c1de02":"/resources/lecture-21-algorithms2014next-steps/data.json","7d2ea4af-b24a-df20-2423-9a0889bc50ab":"/pages/calendar/data.json","7d7d5c35-490f-41b7-b037-cafbda7019ad":"/resources/mit6_006s20_lec14/data.json","7fff6162-9022-502b-8277-99ebc475e577":"/resources/mayravvyb64-2/data.json","805c9ab9-aa47-3d3f-11a8-ffd48f5a3ec0":"/resources/e98mpnmhlxe/data.json","806697d9-a77b-cfb5-791d-be64ae934dc9":"/pages/syllabus/data.json","8268c520-5b22-4299-b893-63fb67216ef1":"/resources/mit6_006s20_05_01_problem_session_9_mp4/data.json","82d7668d-de8d-cfe0-ae2d-89cfeeeb9adc":"/resources/mit6_006s20_prob2sol/data.json","84c08b39-ac4d-5a25-843b-9bb69ec53b7b":"/resources/wekfgdo4sck-2/data.json","851ae1c9-8f7a-7338-2b76-732f977bb92f":"/resources/chhwjjr0mza-1/data.json","877a23c1-533f-70d5-8d2c-a810bdfd475e":"/resources/vcia2h1c9uq/data.json","878d0905-d456-1709-d07a-3f27c9156d12":"/resources/lecture-13-dijkstra/data.json","88bb58cd-c0fe-371c-2c38-259e0952ddae":"/resources/yndgido0zqq/data.json","89d89284-fa01-5e96-2118-dd6201006c98":"/resources/6-006s20-th/data.json","8a750a72-b9b9-c29f-6a04-02866bac34b7":"/resources/mit6_006s20_prob1/data.json","8c0bb172-72f5-aff3-1472-78d5aafae3ea":"/resources/i9oaok0cuqe/data.json","8c155b28-c87c-c1fe-3f50-6de2036bdf1b":"/resources/mit6_006s20_ps5_questions/data.json","8c17de3f-6136-58b2-b190-81ee7fa8621b":"/resources/ibfwdysffuu-2/data.json","8d33b3dd-7269-82ae-22e1-09c8ad6a718b":"/resources/mit6_006s20_prob8sol/data.json","8e32a6dd-1989-5684-b489-224bc8820f1a":"/resources/i9oaok0cuqe-2/data.json","9073af3b-8151-002c-5f63-d06dc7ac961e":"/resources/mit6_006s20_ps6_solutions/data.json","9207762d-9c69-594c-8aa4-3d06abc12f12":"/resources/vcia2h1c9uq-2/data.json","9298c70a-f979-5e84-e5b7-3cb9f3b7f175":"/resources/problem-session-5/data.json","94adc4c8-3762-21c5-c09a-4e9bf1372d63":"/resources/kshe8d8rxho-1/data.json","9749b710-8850-c4a1-0833-c99875b42639":"/resources/mit6_006s20_prob3/data.json","975a2c9a-f7b9-610a-d121-816928b66e1c":"/resources/vcia2h1c9uq-1/data.json","97d3267c-aa20-5910-81d2-aa1690363500":"/resources/2nmts1ecb3o-2/data.json","97dc6477-8477-b4f9-522a-77fa7df13ac6":"/resources/mit6_006s20_ps1-template/data.json","9aede153-9e08-6a70-9a75-d604a89f08b6":"/resources/mit6_006s20_ps3-solutions/data.json","9c017a12-945c-a32a-15c1-fe0c9a303f43":"/resources/mit6_006s20_prob4/data.json","9c25a402-08e1-f4db-7ce2-2cce6c72eead":"/resources/mit6_006s20_ps8-template/data.json","9d7ad800-a887-efa9-dcbb-1970eeabecdb":"/resources/ibfwdysffuu-1/data.json","9dab9577-6c4c-5754-8dea-5bb73a627a33":"/resources/76dhtgzt38a-2/data.json","9eb3e9a5-1a7b-5b60-b0f6-7c2277f8b0ee":"/resources/mit6_006s20_lec15/data.json","9f4109fb-5103-4366-6432-34d802812b33":"/resources/wekfgdo4sck/data.json","9f4d1039-334c-5bb4-a3ab-893f287be20f":"/resources/yndgido0zqq-2/data.json","a0c5cf6b-2c45-4362-8ad9-40fa3634d37b":"/resources/mit6_006s20_04_17_problem_session_8_captions_vtt/data.json","a100caad-66c7-21bd-bec9-365c4a9d51e3":"/resources/mit6_006s20_ps0-template/data.json","a13b1f03-4552-bbab-911a-7228bee3e634":"/resources/lecture-7-binary-trees-part-2-avl/data.json","a16d5949-54dc-e727-798b-28bc37d9f6bb":"/resources/mit6_006s20_prob6sol/data.json","a2c80596-cf4a-2b5f-bc85-4afdd2f23dcb":"/resources/mit6_006s20_lec7/data.json","a378dfbd-3b9e-96da-35fd-c8897b835f4a":"/resources/lecture-15-dynamic-programming-part-1-srtbot-fib-dags-bowling/data.json","aa4f2640-93fa-f990-054c-c4820553bb46":"/resources/mit6_006s20_lec20/data.json","aa57a978-5adf-925b-c85c-1920f53755a0":"/resources/mit6_006s20_lec11/data.json","ac276f1d-9101-4856-5491-5437d9359ffe":"/resources/lecture-14-apsp-and-johnson/data.json","aed520a9-bd68-3605-2d2e-2da9a797235b":"/resources/za-tuym_y7s-1/data.json","b06b8a8b-af9b-15f9-8947-e75bae55b8bf":"/resources/mit6_006s20_ps2-solutions/data.json","b0daad0a-f274-7674-63cc-825de2134987":"/resources/g0bxsxulvb0-1/data.json","b1573ebd-a896-2cdd-4637-962b8049c79d":"/resources/quiz-1-review/data.json","b3d2864a-af50-0636-f6aa-d624a7c325a5":"/resources/lecture-1-algorithms-and-computation/data.json","b52d05d2-adf5-b291-c5a5-57b45dbffb38":"/resources/quiz-2-review/data.json","ba6f7683-ee05-8482-cacf-dc32bdf30e49":"/resources/ofvyvzlvk9c-1/data.json","bb5b53f3-7876-4fc1-9eb4-bc45581f88ef":"/resources/lecture-19-complexity/data.json","bd220fb6-29ae-fdf3-0f41-6b5abf45d38d":"/resources/mit6_006s20_r04/data.json","bdb6c046-d849-dd11-ab64-cdea4975d145":"/pages/assignments/data.json","bdedc121-a8aa-5712-aea4-3f919e763a50":"/resources/g0bxsxulvb0-2/data.json","be3e2dca-938a-6ce9-7225-466620b9247d":"/resources/quiz-3-review/data.json","bf0cb452-d5fd-ad60-951d-6e6e477474f1":"/resources/emsmaw-ud6a-1/data.json","bf5f2308-61cf-57bc-46d0-fcb0c44f381f":"/resources/problem-session-3/data.json","bff0aaee-b571-a770-83f1-0fd8e31f71d4":"/resources/mit6_006s20_ps4-questions/data.json","c08a3b63-dfe5-f6f6-b322-57d35f86ae63":"/resources/mit6_006s20_r02/data.json","c1c297db-7d00-fdd3-5bd5-f34dadacdc9b":"/resources/lecture-17-dynamic-programming-part-3-apsp-parens-piano/data.json","c38a1d6c-dc8a-5003-b757-9e0a17188bc4":"/resources/r4-cftqtcdi-2/data.json","c5018a87-16df-1a85-57bb-efaf2ddacc99":"/resources/5cf5bgv59sc/data.json","c6777a33-3092-56fd-9ab0-e2e345209f81":"/resources/mit6_006s20_review3/data.json","c6d8f06c-6f11-e334-2633-dec85498f551":"/resources/mit6_006s20_r01/data.json","c98c13e1-5efe-dec3-d049-c7aec0ae394a":"/resources/xnpo1atn-iw/data.json","ca5fbd6a-c50d-5b5e-82c0-0753fdf60990":"/resources/f9cvs_urpc0-2/data.json","cbac55d8-c2ec-cf89-2a6b-de90e785393a":"/resources/mit6_006s20_ps3-template/data.json","cd0c961c-044e-58a2-90c3-036498abe3f8":"/resources/wo6vqj6rhm8-2/data.json","cda4cc0c-0e62-6bfb-d30b-c15fb78c3994":"/resources/mit6_006s20_r05/data.json","ce5a8824-afab-f9a9-f778-e46ff508157c":"/resources/kshe8d8rxho/data.json","ce9e9470-5b91-4598-ce78-a00a70a1f734":"/resources/mit6_006s20_lec4/data.json","cfc7d2d5-bc3b-9f4d-f35b-5bdc7aa49284":"/resources/mit6_006s20_ps0-solutions/data.json","d011a036-b639-af69-793a-3611d424163d":"/resources/mit6_006s20_ps7-template/data.json","d041db85-71cf-55b1-9a1d-88e5cf318daa":"/resources/emsmaw-ud6a-2/data.json","d0bd6e42-f538-5307-8388-0471ab94b53f":"/resources/jbafqjx1cia-2/data.json","d0d8c112-ee8e-971b-9dea-560891f7c1da":"/resources/mit6_006s20_prob8/data.json","d2f9999a-0d11-76c0-c1c0-f2ef55f52ad5":"/resources/mit6_006s20_q1_sol/data.json","d4c6cd4c-b920-228d-f449-67bf82eb501c":"/resources/zldoonwp7pw-1/data.json","d5af82eb-8984-4f54-76ed-d1bea7b94248":"/resources/ibfwdysffuu/data.json","d60d7cc8-37f2-22bb-92e5-982efdf3823c":"/resources/tdo3r5m1lno-1/data.json","d6157107-c440-29ac-9812-859bf5f247c1":"/resources/mit6_006s20_prob4sol/data.json","d78be480-f5f0-53dd-898b-a61856990ff8":"/resources/5cf5bgv59sc-2/data.json","d819e7f4-568a-ced8-d5b5-9e03db6c7b67":"/resources/mit6_006s20_lec13/data.json","d89a357c-7467-aa03-eef4-cc0e7d2a310b":"/resources/mit6_006s20_q2/data.json","d8f3bab7-a81a-a2de-20cc-c78674a64694":"/pages/resource-index/data.json","d9265b3b-33d2-38ff-914b-0223ac8e7628":"/resources/mit6_006s20_r10/data.json","dba4ebed-3fde-2bc4-f293-fa940b83cb1e":"/resources/chhwjjr0mza/data.json","dc56bd19-95ba-f20c-fcdd-3fbabdd2dbc9":"/resources/mit6_006s20_ps1-questions/data.json","dc77716c-5ba4-6a88-d9ca-f74dd54df4f5":"/resources/problem-session-2/data.json","dca8915e-9f11-5a0f-949f-aff8cf74f0b2":"/resources/klbcux1is2c/data.json","dd0823c3-851b-5df3-a7e0-b447eaa76050":"/resources/za-tuym_y7s-2/data.json","e03194e5-1086-6d81-da10-71da884876e3":"/resources/mit6_006s20_final/data.json","e1699af8-9840-9332-2e86-f2fd5ea6af91":"/resources/i9oaok0cuqe-1/data.json","e215840f-d7b0-e8cb-0791-6a65c17252b2":"/resources/mit6_006s20_r06/data.json","e2a303d6-fa81-7736-f345-ca522c534f54":"/resources/wo6vqj6rhm8/data.json","e33777cb-bc84-56e5-88df-39c32fa9a231":"/resources/kshe8d8rxho-2/data.json","e36c9d8b-92bf-4a49-b5ec-e2bad5d2ef77":"/resources/mit6_006s20_q3_sol_pdf/data.json","e8212e9b-468e-9c1f-854c-aaa28dcec8dd":"/resources/ofvyvzlvk9c/data.json","e882f34a-3f46-aa98-6295-3616f6de1c57":"/resources/mit6_006s20_final_sol/data.json","e88f4499-b351-ab82-ebf0-7c4de2859272":"/resources/mit6_006s20_r18/data.json","ec057378-a193-4baf-9072-777f0dc321bc":"/resources/mit6_006s20_04_07_problem_session_7_mp4/data.json","ec187276-db0f-aaa0-47d6-55979a44de7f":"/resources/mit6_006s20_r13/data.json","ed996e15-6986-7432-dc1f-bdeae53e309f":"/resources/mit6_006s20_ps7_solutions/data.json","f17f5875-e08b-3c96-8496-d54e79b229c3":"/resources/mit6_006s20_ps4-template/data.json","f1c1b7a2-eaf6-6858-74a4-cae34c68b090":"/resources/mit6_006s20_review2_sol/data.json","f2e772e7-fffc-b0ca-13a2-7ec29d4f2279":"/resources/mit6_006s20_review1_sol/data.json","f3e349e0-eb32-8859-2289-d2c81e0c4f4d":"/resources/mit6_006s20_lec10/data.json","f3fd9bea-2241-5933-b64e-14488c50ce8b":"/resources/xnpo1atn-iw-2/data.json","f46f688c-7331-563f-b0c9-8275a7409522":"/resources/u1jywhcffso-2/data.json","f4de9477-0986-dfb4-5ffb-0917c93eab8c":"/resources/lecture-2-data-structures-and-dynamic-arrays/data.json","f62798df-9d80-20e1-c921-30bd76a26f20":"/resources/mit6_006s20_lec18/data.json","f6e03d3c-2b82-4183-bcc0-9f3f61c70e3b":"/resources/mit6_006s20_prob7sol/data.json","f7623e48-013c-44b8-2d0f-208d50c0eac7":"/resources/mit6_006s20_q1/data.json","f8b8fef7-a383-8b47-1c82-c5bdcb6570f9":"/resources/mit6_006s20_prob3sol/data.json","f91e8bec-2285-4466-965e-af7904745a0f":"/resources/mit6_006s20_04_07_problem_session_7_captions_vtt/data.json","fa43c781-bcf8-34c3-00c6-d4b265a54ab3":"/resources/lecture-20-course-review/data.json","fc6ad811-f8d8-561e-96e2-0535204111b4":"/resources/e98mpnmhlxe-2/data.json","fd686832-83cb-47a9-895f-71973515f691":"/resources/mit6_006s20_q3_pdf/data.json","fda666a4-db1d-c65b-3d71-be08115502bd":"/resources/mit6_006s20_lec19/data.json","fe667de7-6c7c-6631-a58f-1d2374b282c2":"/resources/wekfgdo4sck-1/data.json","ff9f628b-7de3-7ac0-4e40-3e1d0b6d647d":"/resources/r4-cftqtcdi-1/data.json"}