{
  "title":"Problem Session 8",
  "description": null,
  "file": "/courses/6-006-introduction-to-algorithms-spring-2020/mit6_006s20_04_17_problem_session_8_360p_16_9.mp4",
  "learning_resource_types": ["Recitation Videos"],
  "resource_type": "Video",
  "file_type": "video/mp4",
  "youtube_key":  "UuxR0NCkg0k",
  "captions_file": "/courses/6-006-introduction-to-algorithms-spring-2020/mit6_006s20_04_17_problem_session_8_captions.vtt",
  "transcript_file": "/courses/6-006-introduction-to-algorithms-spring-2020/mit6_006s20_04_17_problem_session_8_transcript.pdf",
  "thumbnail_file": "https://img.youtube.com/vi/UuxR0NCkg0k/default.jpg",
  "archive_url": ""}
