{
  "title":"Quiz 3 Review",
  "description": "",
  "file": null,
  "learning_resource_types": ["Lecture Videos"],
  "resource_type": "Video",
  "file_type": null,
  "youtube_key":  "wEKFGdo4Sck",
  "captions_file": "/courses/6-006-introduction-to-algorithms-spring-2020/84c08b39ac4d5a25843b9bb69ec53b7b_wEKFGdo4Sck.vtt",
  "transcript_file": "/courses/6-006-introduction-to-algorithms-spring-2020/fe667de76c7c6631a58f1d2374b282c2_wEKFGdo4Sck.pdf",
  "thumbnail_file": "https://img.youtube.com/vi/wEKFGdo4Sck/default.jpg",
  "archive_url": "https://archive.org/download/MIT6.006S20/MIT6_006S20_05_02_Quiz_3_Review_300k.mp4"}
